{"cameraMode":{"drawMode":0,"name":"Shaded","section":"Shading Mode"},"sceneLighting":true,"audioPlay":false,"sceneViewState":{"showFog":true,"showMaterialUpdate":false,"showSkybox":true,"showFlares":true,"showImageEffects":true,"showParticleSystems":true},"in2DMode":false,"pivot":{"x":4.577908039093018,"y":2.9654526710510256,"z":94.27249908447266},"rotation":{"x":0.5357254147529602,"y":0.0316443108022213,"z":-0.02009776420891285,"w":0.8435651063919067},"size":21.203704833984376,"orthographic":false}