{"cameraMode":{"drawMode":0,"name":"Shaded","section":"Shading Mode"},"sceneLighting":false,"audioPlay":false,"sceneViewState":{"showFog":true,"showMaterialUpdate":false,"showSkybox":false,"showFlares":true,"showImageEffects":true,"showParticleSystems":true},"in2DMode":false,"pivot":{"x":0.7377973198890686,"y":-5.328554153442383,"z":13.76822280883789},"rotation":{"x":-0.46333739161491396,"y":-0.012762831524014473,"z":0.006673780269920826,"w":-0.8860691785812378},"size":10.338641166687012,"orthographic":false}